<?xml version="1.0" encoding="UTF-8"?>
<project-private xmlns="http://www.netbeans.org/ns/project-private/1">
    <editor-bookmarks xmlns="http://www.netbeans.org/ns/editor-bookmarks/2" lastBookmarkId="0"/>
    <open-files xmlns="http://www.netbeans.org/ns/projectui-open-files/2">
        <group>
            <file>file:/D:/.SCHOOL/sem3/java/assignments/assignment1/assignment1/src/assignment1/Assignment1.java</file>
            <file>file:/D:/.SCHOOL/sem3/java/assignments/assignment1/assignment1/src/assignment1/Student.java</file>
            <file>file:/D:/.SCHOOL/sem3/java/assignments/assignment1/assignment1/src/assignment1/UndergraduateStudent.java</file>
            <file>file:/D:/.SCHOOL/sem3/java/assignments/assignment1/assignment1/src/assignment1/Address.java</file>
            <file>file:/D:/.SCHOOL/sem3/java/assignments/assignment1/assignment1/src/assignment1/GraduateStudent.java</file>
        </group>
    </open-files>
</project-private>
